要求項目,要件種別のために整理するポイント,要件種別
映画館の席はオンラインで予約出来る,,
すでに予約済みの席は予約出来ない,,
予約は映画上映の前日の23:59までキャンセル出来る,,
タイムゾーンはJSTとする,,
席の予約は会員登録が必要,,
会員情報としてはメールアドレス、パスワードが必須,,
席の予約は1週間前から可能,,
スクリーン数は2つ,,
席数はAスクリーンは100席、Bスクリーンは50席,,
上映される映画はスクリーン間で重複してはならない,,
座席予約画面において、予約可能な席はグラフィカルに見ることが出来る,,
スクリーンと映画の紐付けは管理画面より行う,,
管理画面は会員とは別に管理者用アカウントの発行を行う,,
席の価格帯は１種類のみ,,
決済手段はStripe,,
各種メール送信（購入、キャンセル、リマインド、変更）,,
映画情報登録機能,,
座席の仮予約機能,,
「同開始時刻」で「同一タイトルの上映」は許可しない,,
映画情報を登録する（タイトル、封切り日、公開開始日、公開終了日、上映時間、説明、スタッフ、価格） 公開開始日は必須 公開終了日は設定しなくても良いものとする,,
映画情報を変更する（タイトル、封切り日、公開開始日、公開終了日、上映時間、説明、スタッフ、価格） 公開開始日は必須 公開終了日は設定しなくても良いものとする,,
映画一覧が表示される（タイトル、封切り日、公開開始日、公開終了日、上映時間、説明、スタッフ、価格）,,
上映映画一覧が表示される（タイトル、封切り日、公開開始日、公開終了日、上映時間、説明、スタッフ、価格）,,
上映情報を削除する,,
上映情報を作成する,,
ログイン中はメールアドレス、パスワードの変更をすることが出来る,,
会員登録済みのメールアドレス、パスワードを入力し、データベースの情報と照合し、一致していれば席予約使用可能な状態になること,,
上映映画一覧が表示される（タイトル、公開開始日、公開終了日） 登録されている映画情報は全て1ページで表示させる想定,,
上映映画一覧が公開開始日で昇順に表示される（タイトル、公開開始日、公開終了日） 登録されている映画情報は全て1ページで表示させる想定,,
上映映画情報詳細が表示される（タイトル、封切り日、公開開始日、公開終了日、上映時間、説明、スタッフ、価格） 席の埋まり具合を表示させる,,
スクリーン席数の予約状況が確認できる（余裕あり/残席わずか/完売）,,
会員登録完了時に登録したメールアドレスに登録完了メールが送信される,,
会員情報変更時に変更したメールアドレスに変更完了メールが送信される,,
席予約完了時にログイン中のメールアドレスに席予約完了メールが送信される,,
席キャンセルにログイン中のメールアドレスにキャンセルメールが送信される,,
100ユーザーが同時接続で秒間1リクエストした場合に2秒以内にAPIレスポンスが返却される事,,
映画館は1つとする,,
"管理画面は会員とは別に管理者用アカウントの発行を行う 候補）GoogleアカウントとIAP , Firebase Authの別インスタンス 管理者用アカウントをシステム上で発行するということはしない",,
シートの種類は１種類,,
URLのダイレクトシェアリングが出来るようにする (単純なSAP構成だと出来ないため),,
映画に紐づく上映が存在する場合、映画の削除はできない,,
自分が予約した席や上映の詳細情報を確認できる,,
スクリーンの名前や席数は一箇所で保存されるようにする,,
予約価格の上限は5000円である,,
空席は5つまで選択できるものとする,,